correo,password,idempleado
esdoc300@ipn.mx,$2a$10$TgipNN8kyJ4G9cBzbFiVfulOG2X5WY/TcVwDxQukw/taTFdg4dmja,1
jonathanoleaz@yahoo.com.mx,$2a$10$TgipNN8kyJ4G9cBzbFiVfulOG2X5WY/TcVwDxQukw/taTFdg4dmja,2
abhera@yandex.com,$2a$10$TgipNN8kyJ4G9cBzbFiVfulOG2X5WY/TcVwDxQukw/taTFdg4dmja,3
cefriasm@gmail.com,$2a$10$TgipNN8kyJ4G9cBzbFiVfulOG2X5WY/TcVwDxQukw/taTFdg4dmja,4
giselle.ft@hotmail.com,$2a$10$TgipNN8kyJ4G9cBzbFiVfulOG2X5WY/TcVwDxQukw/taTFdg4dmja,5
sam-y.barca@hotmail.com,$2a$10$TgipNN8kyJ4G9cBzbFiVfulOG2X5WY/TcVwDxQukw/taTFdg4dmja,6
esli-osorio@hotmail.com,$2a$10$TgipNN8kyJ4G9cBzbFiVfulOG2X5WY/TcVwDxQukw/taTFdg4dmja,7
luismario.escom@hotmail.com,$2a$10$TgipNN8kyJ4G9cBzbFiVfulOG2X5WY/TcVwDxQukw/taTFdg4dmja,8
cecilu_azul@hotmail.com,$2a$10$TgipNN8kyJ4G9cBzbFiVfulOG2X5WY/TcVwDxQukw/taTFdg4dmja,9
vdolverap@gmail.com,$2a$10$TgipNN8kyJ4G9cBzbFiVfulOG2X5WY/TcVwDxQukw/taTFdg4dmja,10
jca_950904@hotmail.com,$2a$10$TgipNN8kyJ4G9cBzbFiVfulOG2X5WY/TcVwDxQukw/taTFdg4dmja,11
tonatihubarrera@gmail.com,$2a$10$TgipNN8kyJ4G9cBzbFiVfulOG2X5WY/TcVwDxQukw/taTFdg4dmja,12
leonelvazquezperez@gmail.com,$2a$10$TgipNN8kyJ4G9cBzbFiVfulOG2X5WY/TcVwDxQukw/taTFdg4dmja,13
eduardo.zamarron.m@gmail.com,$2a$10$TgipNN8kyJ4G9cBzbFiVfulOG2X5WY/TcVwDxQukw/taTFdg4dmja,14
estructuradd67@gmail.com,$2a$10$TgipNN8kyJ4G9cBzbFiVfulOG2X5WY/TcVwDxQukw/taTFdg4dmja,15
jonathanoleaz@hotmail.com,$2a$10$TgipNN8kyJ4G9cBzbFiVfulOG2X5WY/TcVwDxQukw/taTFdg4dmja,16
overlord.lae@gmail.com,$2a$10$TgipNN8kyJ4G9cBzbFiVfulOG2X5WY/TcVwDxQukw/taTFdg4dmja,17
loiztg34@gmail.com,$2a$10$TgipNN8kyJ4G9cBzbFiVfulOG2X5WY/TcVwDxQukw/taTFdg4dmja,18
elvert0905@gmail.com,$2a$10$TgipNN8kyJ4G9cBzbFiVfulOG2X5WY/TcVwDxQukw/taTFdg4dmja,19
alan.rdgz@outlook.com,$2a$10$TgipNN8kyJ4G9cBzbFiVfulOG2X5WY/TcVwDxQukw/taTFdg4dmja,20
carlos280897@hotmail.com,$2a$10$TgipNN8kyJ4G9cBzbFiVfulOG2X5WY/TcVwDxQukw/taTFdg4dmja,21
alonso.c97@gmail.com,$2a$10$TgipNN8kyJ4G9cBzbFiVfulOG2X5WY/TcVwDxQukw/taTFdg4dmja,22
mariimonroy43@gmail.com,$2a$10$TgipNN8kyJ4G9cBzbFiVfulOG2X5WY/TcVwDxQukw/taTFdg4dmja,23
landavid03@gmail.com,$2a$10$TgipNN8kyJ4G9cBzbFiVfulOG2X5WY/TcVwDxQukw/taTFdg4dmja,24
navi_rc316@hotmail.com,$2a$10$TgipNN8kyJ4G9cBzbFiVfulOG2X5WY/TcVwDxQukw/taTFdg4dmja,25
mayrasho@hotmail.com,$2a$10$TgipNN8kyJ4G9cBzbFiVfulOG2X5WY/TcVwDxQukw/taTFdg4dmja,26
saidnm044@hotmail.com,$2a$10$TgipNN8kyJ4G9cBzbFiVfulOG2X5WY/TcVwDxQukw/taTFdg4dmja,27
bruno_d95@outlook.com,$2a$10$TgipNN8kyJ4G9cBzbFiVfulOG2X5WY/TcVwDxQukw/taTFdg4dmja,28
esdoc1@ipn.mx,$2a$10$TgipNN8kyJ4G9cBzbFiVfulOG2X5WY/TcVwDxQukw/taTFdg4dmja,29
esdoc2@ipn.mx,$2a$10$TgipNN8kyJ4G9cBzbFiVfulOG2X5WY/TcVwDxQukw/taTFdg4dmja,30
esdoc3@ipn.mx,$2a$10$TgipNN8kyJ4G9cBzbFiVfulOG2X5WY/TcVwDxQukw/taTFdg4dmja,31
esdoc4@ipn.mx,$2a$10$TgipNN8kyJ4G9cBzbFiVfulOG2X5WY/TcVwDxQukw/taTFdg4dmja,32
esdoc5@ipn.mx,$2a$10$TgipNN8kyJ4G9cBzbFiVfulOG2X5WY/TcVwDxQukw/taTFdg4dmja,33
esdoc6@ipn.mx,$2a$10$TgipNN8kyJ4G9cBzbFiVfulOG2X5WY/TcVwDxQukw/taTFdg4dmja,34
esdoc7@ipn.mx,$2a$10$TgipNN8kyJ4G9cBzbFiVfulOG2X5WY/TcVwDxQukw/taTFdg4dmja,35
esdoc8@ipn.mx,$2a$10$TgipNN8kyJ4G9cBzbFiVfulOG2X5WY/TcVwDxQukw/taTFdg4dmja,36
esdoc9@ipn.mx,$2a$10$TgipNN8kyJ4G9cBzbFiVfulOG2X5WY/TcVwDxQukw/taTFdg4dmja,37
esdoc10@ipn.mx,$2a$10$TgipNN8kyJ4G9cBzbFiVfulOG2X5WY/TcVwDxQukw/taTFdg4dmja,38
esdoc11@ipn.mx,$2a$10$TgipNN8kyJ4G9cBzbFiVfulOG2X5WY/TcVwDxQukw/taTFdg4dmja,39
esdoc12@ipn.mx,$2a$10$TgipNN8kyJ4G9cBzbFiVfulOG2X5WY/TcVwDxQukw/taTFdg4dmja,40
esdoc13@ipn.mx,$2a$10$TgipNN8kyJ4G9cBzbFiVfulOG2X5WY/TcVwDxQukw/taTFdg4dmja,41
esdoc14@ipn.mx,$2a$10$TgipNN8kyJ4G9cBzbFiVfulOG2X5WY/TcVwDxQukw/taTFdg4dmja,42
esdoc15@ipn.mx,$2a$10$TgipNN8kyJ4G9cBzbFiVfulOG2X5WY/TcVwDxQukw/taTFdg4dmja,43
esdoc16@ipn.mx,$2a$10$TgipNN8kyJ4G9cBzbFiVfulOG2X5WY/TcVwDxQukw/taTFdg4dmja,44
esdoc17@ipn.mx,$2a$10$TgipNN8kyJ4G9cBzbFiVfulOG2X5WY/TcVwDxQukw/taTFdg4dmja,45
esdoc18@ipn.mx,$2a$10$TgipNN8kyJ4G9cBzbFiVfulOG2X5WY/TcVwDxQukw/taTFdg4dmja,46
esdoc19@ipn.mx,$2a$10$TgipNN8kyJ4G9cBzbFiVfulOG2X5WY/TcVwDxQukw/taTFdg4dmja,47
esdoc20@ipn.mx,$2a$10$TgipNN8kyJ4G9cBzbFiVfulOG2X5WY/TcVwDxQukw/taTFdg4dmja,48
esdoc21@ipn.mx,$2a$10$TgipNN8kyJ4G9cBzbFiVfulOG2X5WY/TcVwDxQukw/taTFdg4dmja,49
esdoc22@ipn.mx,$2a$10$TgipNN8kyJ4G9cBzbFiVfulOG2X5WY/TcVwDxQukw/taTFdg4dmja,50
esdoc23@ipn.mx,$2a$10$TgipNN8kyJ4G9cBzbFiVfulOG2X5WY/TcVwDxQukw/taTFdg4dmja,51
esdoc24@ipn.mx,$2a$10$TgipNN8kyJ4G9cBzbFiVfulOG2X5WY/TcVwDxQukw/taTFdg4dmja,52
esdoc25@ipn.mx,$2a$10$TgipNN8kyJ4G9cBzbFiVfulOG2X5WY/TcVwDxQukw/taTFdg4dmja,53
esdoc26@ipn.mx,$2a$10$TgipNN8kyJ4G9cBzbFiVfulOG2X5WY/TcVwDxQukw/taTFdg4dmja,54
esdoc27@ipn.mx,$2a$10$TgipNN8kyJ4G9cBzbFiVfulOG2X5WY/TcVwDxQukw/taTFdg4dmja,55
esdoc28@ipn.mx,$2a$10$TgipNN8kyJ4G9cBzbFiVfulOG2X5WY/TcVwDxQukw/taTFdg4dmja,56
esdoc29@ipn.mx,$2a$10$TgipNN8kyJ4G9cBzbFiVfulOG2X5WY/TcVwDxQukw/taTFdg4dmja,57
esdoc30@ipn.mx,$2a$10$TgipNN8kyJ4G9cBzbFiVfulOG2X5WY/TcVwDxQukw/taTFdg4dmja,58
esdoc31@ipn.mx,$2a$10$TgipNN8kyJ4G9cBzbFiVfulOG2X5WY/TcVwDxQukw/taTFdg4dmja,59
esdoc32@ipn.mx,$2a$10$TgipNN8kyJ4G9cBzbFiVfulOG2X5WY/TcVwDxQukw/taTFdg4dmja,60
esdoc33@ipn.mx,$2a$10$TgipNN8kyJ4G9cBzbFiVfulOG2X5WY/TcVwDxQukw/taTFdg4dmja,61
esdoc34@ipn.mx,$2a$10$TgipNN8kyJ4G9cBzbFiVfulOG2X5WY/TcVwDxQukw/taTFdg4dmja,62
esdoc35@ipn.mx,$2a$10$TgipNN8kyJ4G9cBzbFiVfulOG2X5WY/TcVwDxQukw/taTFdg4dmja,63
esdoc36@ipn.mx,$2a$10$TgipNN8kyJ4G9cBzbFiVfulOG2X5WY/TcVwDxQukw/taTFdg4dmja,64
esdoc37@ipn.mx,$2a$10$TgipNN8kyJ4G9cBzbFiVfulOG2X5WY/TcVwDxQukw/taTFdg4dmja,65
esdoc38@ipn.mx,$2a$10$TgipNN8kyJ4G9cBzbFiVfulOG2X5WY/TcVwDxQukw/taTFdg4dmja,66
esdoc39@ipn.mx,$2a$10$TgipNN8kyJ4G9cBzbFiVfulOG2X5WY/TcVwDxQukw/taTFdg4dmja,67
esdoc40@ipn.mx,$2a$10$TgipNN8kyJ4G9cBzbFiVfulOG2X5WY/TcVwDxQukw/taTFdg4dmja,68
esdoc41@ipn.mx,$2a$10$TgipNN8kyJ4G9cBzbFiVfulOG2X5WY/TcVwDxQukw/taTFdg4dmja,69
esdoc42@ipn.mx,$2a$10$TgipNN8kyJ4G9cBzbFiVfulOG2X5WY/TcVwDxQukw/taTFdg4dmja,70
esdoc43@ipn.mx,$2a$10$TgipNN8kyJ4G9cBzbFiVfulOG2X5WY/TcVwDxQukw/taTFdg4dmja,71
esdoc44@ipn.mx,$2a$10$TgipNN8kyJ4G9cBzbFiVfulOG2X5WY/TcVwDxQukw/taTFdg4dmja,72
esdoc45@ipn.mx,$2a$10$TgipNN8kyJ4G9cBzbFiVfulOG2X5WY/TcVwDxQukw/taTFdg4dmja,73
esdoc46@ipn.mx,$2a$10$TgipNN8kyJ4G9cBzbFiVfulOG2X5WY/TcVwDxQukw/taTFdg4dmja,74
esdoc47@ipn.mx,$2a$10$TgipNN8kyJ4G9cBzbFiVfulOG2X5WY/TcVwDxQukw/taTFdg4dmja,75
esdoc48@ipn.mx,$2a$10$TgipNN8kyJ4G9cBzbFiVfulOG2X5WY/TcVwDxQukw/taTFdg4dmja,76
esdoc49@ipn.mx,$2a$10$TgipNN8kyJ4G9cBzbFiVfulOG2X5WY/TcVwDxQukw/taTFdg4dmja,77
esdoc50@ipn.mx,$2a$10$TgipNN8kyJ4G9cBzbFiVfulOG2X5WY/TcVwDxQukw/taTFdg4dmja,78
esdoc51@ipn.mx,$2a$10$TgipNN8kyJ4G9cBzbFiVfulOG2X5WY/TcVwDxQukw/taTFdg4dmja,79
esdoc52@ipn.mx,$2a$10$TgipNN8kyJ4G9cBzbFiVfulOG2X5WY/TcVwDxQukw/taTFdg4dmja,80
esdoc53@ipn.mx,$2a$10$TgipNN8kyJ4G9cBzbFiVfulOG2X5WY/TcVwDxQukw/taTFdg4dmja,81
esdoc54@ipn.mx,$2a$10$TgipNN8kyJ4G9cBzbFiVfulOG2X5WY/TcVwDxQukw/taTFdg4dmja,82
esdoc55@ipn.mx,$2a$10$TgipNN8kyJ4G9cBzbFiVfulOG2X5WY/TcVwDxQukw/taTFdg4dmja,83
esdoc56@ipn.mx,$2a$10$TgipNN8kyJ4G9cBzbFiVfulOG2X5WY/TcVwDxQukw/taTFdg4dmja,84
esdoc57@ipn.mx,$2a$10$TgipNN8kyJ4G9cBzbFiVfulOG2X5WY/TcVwDxQukw/taTFdg4dmja,85
esdoc58@ipn.mx,$2a$10$TgipNN8kyJ4G9cBzbFiVfulOG2X5WY/TcVwDxQukw/taTFdg4dmja,86
esdoc59@ipn.mx,$2a$10$TgipNN8kyJ4G9cBzbFiVfulOG2X5WY/TcVwDxQukw/taTFdg4dmja,87
esdoc60@ipn.mx,$2a$10$TgipNN8kyJ4G9cBzbFiVfulOG2X5WY/TcVwDxQukw/taTFdg4dmja,88
esdoc61@ipn.mx,$2a$10$TgipNN8kyJ4G9cBzbFiVfulOG2X5WY/TcVwDxQukw/taTFdg4dmja,89
esdoc62@ipn.mx,$2a$10$TgipNN8kyJ4G9cBzbFiVfulOG2X5WY/TcVwDxQukw/taTFdg4dmja,90
esdoc63@ipn.mx,$2a$10$TgipNN8kyJ4G9cBzbFiVfulOG2X5WY/TcVwDxQukw/taTFdg4dmja,91
esdoc64@ipn.mx,$2a$10$TgipNN8kyJ4G9cBzbFiVfulOG2X5WY/TcVwDxQukw/taTFdg4dmja,92
esdoc65@ipn.mx,$2a$10$TgipNN8kyJ4G9cBzbFiVfulOG2X5WY/TcVwDxQukw/taTFdg4dmja,93
esdoc66@ipn.mx,$2a$10$TgipNN8kyJ4G9cBzbFiVfulOG2X5WY/TcVwDxQukw/taTFdg4dmja,94
esdoc67@ipn.mx,$2a$10$TgipNN8kyJ4G9cBzbFiVfulOG2X5WY/TcVwDxQukw/taTFdg4dmja,95
esdoc68@ipn.mx,$2a$10$TgipNN8kyJ4G9cBzbFiVfulOG2X5WY/TcVwDxQukw/taTFdg4dmja,96
esdoc69@ipn.mx,$2a$10$TgipNN8kyJ4G9cBzbFiVfulOG2X5WY/TcVwDxQukw/taTFdg4dmja,97
esdoc70@ipn.mx,$2a$10$TgipNN8kyJ4G9cBzbFiVfulOG2X5WY/TcVwDxQukw/taTFdg4dmja,98
esdoc71@ipn.mx,$2a$10$TgipNN8kyJ4G9cBzbFiVfulOG2X5WY/TcVwDxQukw/taTFdg4dmja,99
esdoc72@ipn.mx,$2a$10$TgipNN8kyJ4G9cBzbFiVfulOG2X5WY/TcVwDxQukw/taTFdg4dmja,100
esdoc73@ipn.mx,$2a$10$TgipNN8kyJ4G9cBzbFiVfulOG2X5WY/TcVwDxQukw/taTFdg4dmja,101
esdoc74@ipn.mx,$2a$10$TgipNN8kyJ4G9cBzbFiVfulOG2X5WY/TcVwDxQukw/taTFdg4dmja,102
esdoc75@ipn.mx,$2a$10$TgipNN8kyJ4G9cBzbFiVfulOG2X5WY/TcVwDxQukw/taTFdg4dmja,103
esdoc76@ipn.mx,$2a$10$TgipNN8kyJ4G9cBzbFiVfulOG2X5WY/TcVwDxQukw/taTFdg4dmja,104
esdoc77@ipn.mx,$2a$10$TgipNN8kyJ4G9cBzbFiVfulOG2X5WY/TcVwDxQukw/taTFdg4dmja,105
esdoc78@ipn.mx,$2a$10$TgipNN8kyJ4G9cBzbFiVfulOG2X5WY/TcVwDxQukw/taTFdg4dmja,106
esdoc79@ipn.mx,$2a$10$TgipNN8kyJ4G9cBzbFiVfulOG2X5WY/TcVwDxQukw/taTFdg4dmja,107
esdoc80@ipn.mx,$2a$10$TgipNN8kyJ4G9cBzbFiVfulOG2X5WY/TcVwDxQukw/taTFdg4dmja,108
esdoc81@ipn.mx,$2a$10$TgipNN8kyJ4G9cBzbFiVfulOG2X5WY/TcVwDxQukw/taTFdg4dmja,109
esdoc82@ipn.mx,$2a$10$TgipNN8kyJ4G9cBzbFiVfulOG2X5WY/TcVwDxQukw/taTFdg4dmja,110
esdoc83@ipn.mx,$2a$10$TgipNN8kyJ4G9cBzbFiVfulOG2X5WY/TcVwDxQukw/taTFdg4dmja,111
esdoc84@ipn.mx,$2a$10$TgipNN8kyJ4G9cBzbFiVfulOG2X5WY/TcVwDxQukw/taTFdg4dmja,112
esdoc85@ipn.mx,$2a$10$TgipNN8kyJ4G9cBzbFiVfulOG2X5WY/TcVwDxQukw/taTFdg4dmja,113
esdoc86@ipn.mx,$2a$10$TgipNN8kyJ4G9cBzbFiVfulOG2X5WY/TcVwDxQukw/taTFdg4dmja,114
esdoc87@ipn.mx,$2a$10$TgipNN8kyJ4G9cBzbFiVfulOG2X5WY/TcVwDxQukw/taTFdg4dmja,115
esdoc88@ipn.mx,$2a$10$TgipNN8kyJ4G9cBzbFiVfulOG2X5WY/TcVwDxQukw/taTFdg4dmja,116
esdoc89@ipn.mx,$2a$10$TgipNN8kyJ4G9cBzbFiVfulOG2X5WY/TcVwDxQukw/taTFdg4dmja,117
esdoc90@ipn.mx,$2a$10$TgipNN8kyJ4G9cBzbFiVfulOG2X5WY/TcVwDxQukw/taTFdg4dmja,118
esdoc91@ipn.mx,$2a$10$TgipNN8kyJ4G9cBzbFiVfulOG2X5WY/TcVwDxQukw/taTFdg4dmja,119
esdoc92@ipn.mx,$2a$10$TgipNN8kyJ4G9cBzbFiVfulOG2X5WY/TcVwDxQukw/taTFdg4dmja,120
esdoc93@ipn.mx,$2a$10$TgipNN8kyJ4G9cBzbFiVfulOG2X5WY/TcVwDxQukw/taTFdg4dmja,121
esdoc94@ipn.mx,$2a$10$TgipNN8kyJ4G9cBzbFiVfulOG2X5WY/TcVwDxQukw/taTFdg4dmja,122
esdoc95@ipn.mx,$2a$10$TgipNN8kyJ4G9cBzbFiVfulOG2X5WY/TcVwDxQukw/taTFdg4dmja,123
esdoc96@ipn.mx,$2a$10$TgipNN8kyJ4G9cBzbFiVfulOG2X5WY/TcVwDxQukw/taTFdg4dmja,124
esdoc97@ipn.mx,$2a$10$TgipNN8kyJ4G9cBzbFiVfulOG2X5WY/TcVwDxQukw/taTFdg4dmja,125
esdoc98@ipn.mx,$2a$10$TgipNN8kyJ4G9cBzbFiVfulOG2X5WY/TcVwDxQukw/taTFdg4dmja,126
esdoc99@ipn.mx,$2a$10$TgipNN8kyJ4G9cBzbFiVfulOG2X5WY/TcVwDxQukw/taTFdg4dmja,127
esdoc100@ipn.mx,$2a$10$TgipNN8kyJ4G9cBzbFiVfulOG2X5WY/TcVwDxQukw/taTFdg4dmja,128
esdoc101@ipn.mx,$2a$10$TgipNN8kyJ4G9cBzbFiVfulOG2X5WY/TcVwDxQukw/taTFdg4dmja,129
esdoc102@ipn.mx,$2a$10$TgipNN8kyJ4G9cBzbFiVfulOG2X5WY/TcVwDxQukw/taTFdg4dmja,130
esdoc103@ipn.mx,$2a$10$TgipNN8kyJ4G9cBzbFiVfulOG2X5WY/TcVwDxQukw/taTFdg4dmja,131
esdoc104@ipn.mx,$2a$10$TgipNN8kyJ4G9cBzbFiVfulOG2X5WY/TcVwDxQukw/taTFdg4dmja,132
esdoc105@ipn.mx,$2a$10$TgipNN8kyJ4G9cBzbFiVfulOG2X5WY/TcVwDxQukw/taTFdg4dmja,133
esdoc106@ipn.mx,$2a$10$TgipNN8kyJ4G9cBzbFiVfulOG2X5WY/TcVwDxQukw/taTFdg4dmja,134
esdoc107@ipn.mx,$2a$10$TgipNN8kyJ4G9cBzbFiVfulOG2X5WY/TcVwDxQukw/taTFdg4dmja,135
esdoc108@ipn.mx,$2a$10$TgipNN8kyJ4G9cBzbFiVfulOG2X5WY/TcVwDxQukw/taTFdg4dmja,136
esdoc109@ipn.mx,$2a$10$TgipNN8kyJ4G9cBzbFiVfulOG2X5WY/TcVwDxQukw/taTFdg4dmja,137
esdoc110@ipn.mx,$2a$10$TgipNN8kyJ4G9cBzbFiVfulOG2X5WY/TcVwDxQukw/taTFdg4dmja,138
esdoc111@ipn.mx,$2a$10$TgipNN8kyJ4G9cBzbFiVfulOG2X5WY/TcVwDxQukw/taTFdg4dmja,139
esdoc112@ipn.mx,$2a$10$TgipNN8kyJ4G9cBzbFiVfulOG2X5WY/TcVwDxQukw/taTFdg4dmja,140
esdoc113@ipn.mx,$2a$10$TgipNN8kyJ4G9cBzbFiVfulOG2X5WY/TcVwDxQukw/taTFdg4dmja,141
esdoc114@ipn.mx,$2a$10$TgipNN8kyJ4G9cBzbFiVfulOG2X5WY/TcVwDxQukw/taTFdg4dmja,142
esdoc115@ipn.mx,$2a$10$TgipNN8kyJ4G9cBzbFiVfulOG2X5WY/TcVwDxQukw/taTFdg4dmja,143
esdoc116@ipn.mx,$2a$10$TgipNN8kyJ4G9cBzbFiVfulOG2X5WY/TcVwDxQukw/taTFdg4dmja,144
esdoc117@ipn.mx,$2a$10$TgipNN8kyJ4G9cBzbFiVfulOG2X5WY/TcVwDxQukw/taTFdg4dmja,145
esdoc118@ipn.mx,$2a$10$TgipNN8kyJ4G9cBzbFiVfulOG2X5WY/TcVwDxQukw/taTFdg4dmja,146
esdoc119@ipn.mx,$2a$10$TgipNN8kyJ4G9cBzbFiVfulOG2X5WY/TcVwDxQukw/taTFdg4dmja,147
esdoc120@ipn.mx,$2a$10$TgipNN8kyJ4G9cBzbFiVfulOG2X5WY/TcVwDxQukw/taTFdg4dmja,148
esdoc121@ipn.mx,$2a$10$TgipNN8kyJ4G9cBzbFiVfulOG2X5WY/TcVwDxQukw/taTFdg4dmja,149
esdoc122@ipn.mx,$2a$10$TgipNN8kyJ4G9cBzbFiVfulOG2X5WY/TcVwDxQukw/taTFdg4dmja,150
esdoc123@ipn.mx,$2a$10$TgipNN8kyJ4G9cBzbFiVfulOG2X5WY/TcVwDxQukw/taTFdg4dmja,151
esdoc124@ipn.mx,$2a$10$TgipNN8kyJ4G9cBzbFiVfulOG2X5WY/TcVwDxQukw/taTFdg4dmja,152
esdoc125@ipn.mx,$2a$10$TgipNN8kyJ4G9cBzbFiVfulOG2X5WY/TcVwDxQukw/taTFdg4dmja,153
esdoc126@ipn.mx,$2a$10$TgipNN8kyJ4G9cBzbFiVfulOG2X5WY/TcVwDxQukw/taTFdg4dmja,154
esdoc127@ipn.mx,$2a$10$TgipNN8kyJ4G9cBzbFiVfulOG2X5WY/TcVwDxQukw/taTFdg4dmja,155
esdoc128@ipn.mx,$2a$10$TgipNN8kyJ4G9cBzbFiVfulOG2X5WY/TcVwDxQukw/taTFdg4dmja,156
esdoc129@ipn.mx,$2a$10$TgipNN8kyJ4G9cBzbFiVfulOG2X5WY/TcVwDxQukw/taTFdg4dmja,157
esdoc130@ipn.mx,$2a$10$TgipNN8kyJ4G9cBzbFiVfulOG2X5WY/TcVwDxQukw/taTFdg4dmja,158
esdoc131@ipn.mx,$2a$10$TgipNN8kyJ4G9cBzbFiVfulOG2X5WY/TcVwDxQukw/taTFdg4dmja,159
esdoc132@ipn.mx,$2a$10$TgipNN8kyJ4G9cBzbFiVfulOG2X5WY/TcVwDxQukw/taTFdg4dmja,160
esdoc133@ipn.mx,$2a$10$TgipNN8kyJ4G9cBzbFiVfulOG2X5WY/TcVwDxQukw/taTFdg4dmja,161
esdoc134@ipn.mx,$2a$10$TgipNN8kyJ4G9cBzbFiVfulOG2X5WY/TcVwDxQukw/taTFdg4dmja,162
esdoc135@ipn.mx,$2a$10$TgipNN8kyJ4G9cBzbFiVfulOG2X5WY/TcVwDxQukw/taTFdg4dmja,163
esdoc136@ipn.mx,$2a$10$TgipNN8kyJ4G9cBzbFiVfulOG2X5WY/TcVwDxQukw/taTFdg4dmja,164
esdoc137@ipn.mx,$2a$10$TgipNN8kyJ4G9cBzbFiVfulOG2X5WY/TcVwDxQukw/taTFdg4dmja,165
esdoc138@ipn.mx,$2a$10$TgipNN8kyJ4G9cBzbFiVfulOG2X5WY/TcVwDxQukw/taTFdg4dmja,166
esdoc139@ipn.mx,$2a$10$TgipNN8kyJ4G9cBzbFiVfulOG2X5WY/TcVwDxQukw/taTFdg4dmja,167
esdoc140@ipn.mx,$2a$10$TgipNN8kyJ4G9cBzbFiVfulOG2X5WY/TcVwDxQukw/taTFdg4dmja,168
esdoc141@ipn.mx,$2a$10$TgipNN8kyJ4G9cBzbFiVfulOG2X5WY/TcVwDxQukw/taTFdg4dmja,169
esdoc142@ipn.mx,$2a$10$TgipNN8kyJ4G9cBzbFiVfulOG2X5WY/TcVwDxQukw/taTFdg4dmja,170
esdoc143@ipn.mx,$2a$10$TgipNN8kyJ4G9cBzbFiVfulOG2X5WY/TcVwDxQukw/taTFdg4dmja,171
esdoc144@ipn.mx,$2a$10$TgipNN8kyJ4G9cBzbFiVfulOG2X5WY/TcVwDxQukw/taTFdg4dmja,172
esdoc145@ipn.mx,$2a$10$TgipNN8kyJ4G9cBzbFiVfulOG2X5WY/TcVwDxQukw/taTFdg4dmja,173
esdoc146@ipn.mx,$2a$10$TgipNN8kyJ4G9cBzbFiVfulOG2X5WY/TcVwDxQukw/taTFdg4dmja,174
esdoc147@ipn.mx,$2a$10$TgipNN8kyJ4G9cBzbFiVfulOG2X5WY/TcVwDxQukw/taTFdg4dmja,175
esdoc148@ipn.mx,$2a$10$TgipNN8kyJ4G9cBzbFiVfulOG2X5WY/TcVwDxQukw/taTFdg4dmja,176
esdoc149@ipn.mx,$2a$10$TgipNN8kyJ4G9cBzbFiVfulOG2X5WY/TcVwDxQukw/taTFdg4dmja,177
esdoc150@ipn.mx,$2a$10$TgipNN8kyJ4G9cBzbFiVfulOG2X5WY/TcVwDxQukw/taTFdg4dmja,178
esdoc151@ipn.mx,$2a$10$TgipNN8kyJ4G9cBzbFiVfulOG2X5WY/TcVwDxQukw/taTFdg4dmja,179
esdoc152@ipn.mx,$2a$10$TgipNN8kyJ4G9cBzbFiVfulOG2X5WY/TcVwDxQukw/taTFdg4dmja,180
esdoc153@ipn.mx,$2a$10$TgipNN8kyJ4G9cBzbFiVfulOG2X5WY/TcVwDxQukw/taTFdg4dmja,181
esdoc154@ipn.mx,$2a$10$TgipNN8kyJ4G9cBzbFiVfulOG2X5WY/TcVwDxQukw/taTFdg4dmja,182
esdoc155@ipn.mx,$2a$10$TgipNN8kyJ4G9cBzbFiVfulOG2X5WY/TcVwDxQukw/taTFdg4dmja,183
esdoc156@ipn.mx,$2a$10$TgipNN8kyJ4G9cBzbFiVfulOG2X5WY/TcVwDxQukw/taTFdg4dmja,184
esdoc157@ipn.mx,$2a$10$TgipNN8kyJ4G9cBzbFiVfulOG2X5WY/TcVwDxQukw/taTFdg4dmja,185
esdoc158@ipn.mx,$2a$10$TgipNN8kyJ4G9cBzbFiVfulOG2X5WY/TcVwDxQukw/taTFdg4dmja,186
esdoc159@ipn.mx,$2a$10$TgipNN8kyJ4G9cBzbFiVfulOG2X5WY/TcVwDxQukw/taTFdg4dmja,187
esdoc160@ipn.mx,$2a$10$TgipNN8kyJ4G9cBzbFiVfulOG2X5WY/TcVwDxQukw/taTFdg4dmja,188
esdoc161@ipn.mx,$2a$10$TgipNN8kyJ4G9cBzbFiVfulOG2X5WY/TcVwDxQukw/taTFdg4dmja,189
esdoc162@ipn.mx,$2a$10$TgipNN8kyJ4G9cBzbFiVfulOG2X5WY/TcVwDxQukw/taTFdg4dmja,190
esdoc163@ipn.mx,$2a$10$TgipNN8kyJ4G9cBzbFiVfulOG2X5WY/TcVwDxQukw/taTFdg4dmja,191
esdoc164@ipn.mx,$2a$10$TgipNN8kyJ4G9cBzbFiVfulOG2X5WY/TcVwDxQukw/taTFdg4dmja,192
esdoc165@ipn.mx,$2a$10$TgipNN8kyJ4G9cBzbFiVfulOG2X5WY/TcVwDxQukw/taTFdg4dmja,193
esdoc166@ipn.mx,$2a$10$TgipNN8kyJ4G9cBzbFiVfulOG2X5WY/TcVwDxQukw/taTFdg4dmja,194
esdoc167@ipn.mx,$2a$10$TgipNN8kyJ4G9cBzbFiVfulOG2X5WY/TcVwDxQukw/taTFdg4dmja,195
esdoc168@ipn.mx,$2a$10$TgipNN8kyJ4G9cBzbFiVfulOG2X5WY/TcVwDxQukw/taTFdg4dmja,196
esdoc169@ipn.mx,$2a$10$TgipNN8kyJ4G9cBzbFiVfulOG2X5WY/TcVwDxQukw/taTFdg4dmja,197
esdoc170@ipn.mx,$2a$10$TgipNN8kyJ4G9cBzbFiVfulOG2X5WY/TcVwDxQukw/taTFdg4dmja,198
esdoc171@ipn.mx,$2a$10$TgipNN8kyJ4G9cBzbFiVfulOG2X5WY/TcVwDxQukw/taTFdg4dmja,199
esdoc172@ipn.mx,$2a$10$TgipNN8kyJ4G9cBzbFiVfulOG2X5WY/TcVwDxQukw/taTFdg4dmja,200
esdoc173@ipn.mx,$2a$10$TgipNN8kyJ4G9cBzbFiVfulOG2X5WY/TcVwDxQukw/taTFdg4dmja,201
esdoc174@ipn.mx,$2a$10$TgipNN8kyJ4G9cBzbFiVfulOG2X5WY/TcVwDxQukw/taTFdg4dmja,202
esdoc175@ipn.mx,$2a$10$TgipNN8kyJ4G9cBzbFiVfulOG2X5WY/TcVwDxQukw/taTFdg4dmja,203
esdoc176@ipn.mx,$2a$10$TgipNN8kyJ4G9cBzbFiVfulOG2X5WY/TcVwDxQukw/taTFdg4dmja,204
esdoc177@ipn.mx,$2a$10$TgipNN8kyJ4G9cBzbFiVfulOG2X5WY/TcVwDxQukw/taTFdg4dmja,205
esdoc178@ipn.mx,$2a$10$TgipNN8kyJ4G9cBzbFiVfulOG2X5WY/TcVwDxQukw/taTFdg4dmja,206
esdoc179@ipn.mx,$2a$10$TgipNN8kyJ4G9cBzbFiVfulOG2X5WY/TcVwDxQukw/taTFdg4dmja,207
esdoc180@ipn.mx,$2a$10$TgipNN8kyJ4G9cBzbFiVfulOG2X5WY/TcVwDxQukw/taTFdg4dmja,208
esdoc181@ipn.mx,$2a$10$TgipNN8kyJ4G9cBzbFiVfulOG2X5WY/TcVwDxQukw/taTFdg4dmja,209
esdoc182@ipn.mx,$2a$10$TgipNN8kyJ4G9cBzbFiVfulOG2X5WY/TcVwDxQukw/taTFdg4dmja,210
esdoc183@ipn.mx,$2a$10$TgipNN8kyJ4G9cBzbFiVfulOG2X5WY/TcVwDxQukw/taTFdg4dmja,211
esdoc184@ipn.mx,$2a$10$TgipNN8kyJ4G9cBzbFiVfulOG2X5WY/TcVwDxQukw/taTFdg4dmja,212
esdoc185@ipn.mx,$2a$10$TgipNN8kyJ4G9cBzbFiVfulOG2X5WY/TcVwDxQukw/taTFdg4dmja,213
esdoc186@ipn.mx,$2a$10$TgipNN8kyJ4G9cBzbFiVfulOG2X5WY/TcVwDxQukw/taTFdg4dmja,214
esdoc187@ipn.mx,$2a$10$TgipNN8kyJ4G9cBzbFiVfulOG2X5WY/TcVwDxQukw/taTFdg4dmja,215
esdoc188@ipn.mx,$2a$10$TgipNN8kyJ4G9cBzbFiVfulOG2X5WY/TcVwDxQukw/taTFdg4dmja,216
esdoc189@ipn.mx,$2a$10$TgipNN8kyJ4G9cBzbFiVfulOG2X5WY/TcVwDxQukw/taTFdg4dmja,217
esdoc190@ipn.mx,$2a$10$TgipNN8kyJ4G9cBzbFiVfulOG2X5WY/TcVwDxQukw/taTFdg4dmja,218
esdoc191@ipn.mx,$2a$10$TgipNN8kyJ4G9cBzbFiVfulOG2X5WY/TcVwDxQukw/taTFdg4dmja,219
esdoc192@ipn.mx,$2a$10$TgipNN8kyJ4G9cBzbFiVfulOG2X5WY/TcVwDxQukw/taTFdg4dmja,220
esdoc193@ipn.mx,$2a$10$TgipNN8kyJ4G9cBzbFiVfulOG2X5WY/TcVwDxQukw/taTFdg4dmja,221
esdoc194@ipn.mx,$2a$10$TgipNN8kyJ4G9cBzbFiVfulOG2X5WY/TcVwDxQukw/taTFdg4dmja,222
esdoc195@ipn.mx,$2a$10$TgipNN8kyJ4G9cBzbFiVfulOG2X5WY/TcVwDxQukw/taTFdg4dmja,223
esdoc196@ipn.mx,$2a$10$TgipNN8kyJ4G9cBzbFiVfulOG2X5WY/TcVwDxQukw/taTFdg4dmja,224
esdoc197@ipn.mx,$2a$10$TgipNN8kyJ4G9cBzbFiVfulOG2X5WY/TcVwDxQukw/taTFdg4dmja,225
esdoc198@ipn.mx,$2a$10$TgipNN8kyJ4G9cBzbFiVfulOG2X5WY/TcVwDxQukw/taTFdg4dmja,226
esdoc199@ipn.mx,$2a$10$TgipNN8kyJ4G9cBzbFiVfulOG2X5WY/TcVwDxQukw/taTFdg4dmja,227
esdoc200@ipn.mx,$2a$10$TgipNN8kyJ4G9cBzbFiVfulOG2X5WY/TcVwDxQukw/taTFdg4dmja,228
esdoc201@ipn.mx,$2a$10$TgipNN8kyJ4G9cBzbFiVfulOG2X5WY/TcVwDxQukw/taTFdg4dmja,229
esdoc202@ipn.mx,$2a$10$TgipNN8kyJ4G9cBzbFiVfulOG2X5WY/TcVwDxQukw/taTFdg4dmja,230
esdoc203@ipn.mx,$2a$10$TgipNN8kyJ4G9cBzbFiVfulOG2X5WY/TcVwDxQukw/taTFdg4dmja,231
esdoc204@ipn.mx,$2a$10$TgipNN8kyJ4G9cBzbFiVfulOG2X5WY/TcVwDxQukw/taTFdg4dmja,232
esdoc205@ipn.mx,$2a$10$TgipNN8kyJ4G9cBzbFiVfulOG2X5WY/TcVwDxQukw/taTFdg4dmja,233
esdoc206@ipn.mx,$2a$10$TgipNN8kyJ4G9cBzbFiVfulOG2X5WY/TcVwDxQukw/taTFdg4dmja,234
esdoc207@ipn.mx,$2a$10$TgipNN8kyJ4G9cBzbFiVfulOG2X5WY/TcVwDxQukw/taTFdg4dmja,235
esdoc208@ipn.mx,$2a$10$TgipNN8kyJ4G9cBzbFiVfulOG2X5WY/TcVwDxQukw/taTFdg4dmja,236
esdoc209@ipn.mx,$2a$10$TgipNN8kyJ4G9cBzbFiVfulOG2X5WY/TcVwDxQukw/taTFdg4dmja,237
esdoc210@ipn.mx,$2a$10$TgipNN8kyJ4G9cBzbFiVfulOG2X5WY/TcVwDxQukw/taTFdg4dmja,238
esdoc211@ipn.mx,$2a$10$TgipNN8kyJ4G9cBzbFiVfulOG2X5WY/TcVwDxQukw/taTFdg4dmja,239
esdoc212@ipn.mx,$2a$10$TgipNN8kyJ4G9cBzbFiVfulOG2X5WY/TcVwDxQukw/taTFdg4dmja,240
esdoc213@ipn.mx,$2a$10$TgipNN8kyJ4G9cBzbFiVfulOG2X5WY/TcVwDxQukw/taTFdg4dmja,241
esdoc214@ipn.mx,$2a$10$TgipNN8kyJ4G9cBzbFiVfulOG2X5WY/TcVwDxQukw/taTFdg4dmja,242
esdoc215@ipn.mx,$2a$10$TgipNN8kyJ4G9cBzbFiVfulOG2X5WY/TcVwDxQukw/taTFdg4dmja,243
esdoc216@ipn.mx,$2a$10$TgipNN8kyJ4G9cBzbFiVfulOG2X5WY/TcVwDxQukw/taTFdg4dmja,244
esdoc217@ipn.mx,$2a$10$TgipNN8kyJ4G9cBzbFiVfulOG2X5WY/TcVwDxQukw/taTFdg4dmja,245
esdoc218@ipn.mx,$2a$10$TgipNN8kyJ4G9cBzbFiVfulOG2X5WY/TcVwDxQukw/taTFdg4dmja,246
esdoc219@ipn.mx,$2a$10$TgipNN8kyJ4G9cBzbFiVfulOG2X5WY/TcVwDxQukw/taTFdg4dmja,247
esdoc220@ipn.mx,$2a$10$TgipNN8kyJ4G9cBzbFiVfulOG2X5WY/TcVwDxQukw/taTFdg4dmja,248
esdoc221@ipn.mx,$2a$10$TgipNN8kyJ4G9cBzbFiVfulOG2X5WY/TcVwDxQukw/taTFdg4dmja,249
esdoc222@ipn.mx,$2a$10$TgipNN8kyJ4G9cBzbFiVfulOG2X5WY/TcVwDxQukw/taTFdg4dmja,250
esdoc223@ipn.mx,$2a$10$TgipNN8kyJ4G9cBzbFiVfulOG2X5WY/TcVwDxQukw/taTFdg4dmja,251
esdoc224@ipn.mx,$2a$10$TgipNN8kyJ4G9cBzbFiVfulOG2X5WY/TcVwDxQukw/taTFdg4dmja,252
esdoc225@ipn.mx,$2a$10$TgipNN8kyJ4G9cBzbFiVfulOG2X5WY/TcVwDxQukw/taTFdg4dmja,253
esdoc226@ipn.mx,$2a$10$TgipNN8kyJ4G9cBzbFiVfulOG2X5WY/TcVwDxQukw/taTFdg4dmja,254
esdoc227@ipn.mx,$2a$10$TgipNN8kyJ4G9cBzbFiVfulOG2X5WY/TcVwDxQukw/taTFdg4dmja,255
esdoc228@ipn.mx,$2a$10$TgipNN8kyJ4G9cBzbFiVfulOG2X5WY/TcVwDxQukw/taTFdg4dmja,256
esdoc229@ipn.mx,$2a$10$TgipNN8kyJ4G9cBzbFiVfulOG2X5WY/TcVwDxQukw/taTFdg4dmja,257
esdoc230@ipn.mx,$2a$10$TgipNN8kyJ4G9cBzbFiVfulOG2X5WY/TcVwDxQukw/taTFdg4dmja,258
esdoc231@ipn.mx,$2a$10$TgipNN8kyJ4G9cBzbFiVfulOG2X5WY/TcVwDxQukw/taTFdg4dmja,259
esdoc232@ipn.mx,$2a$10$TgipNN8kyJ4G9cBzbFiVfulOG2X5WY/TcVwDxQukw/taTFdg4dmja,260
esdoc233@ipn.mx,$2a$10$TgipNN8kyJ4G9cBzbFiVfulOG2X5WY/TcVwDxQukw/taTFdg4dmja,261
